date,hour,zone,dayOfWeek,isWeekend,bookings
2025-05-01,8.0,Pro,3.0,False,3
2025-05-01,8.0,VIP,3.0,False,3
2025-05-01,8.0,PS,3.0,False,2
2025-05-01,9.0,Pro,3.0,False,2
2025-05-01,9.0,VIP,3.0,False,2
2025-05-01,9.0,PS,3.0,False,4
2025-05-01,10.0,Pro,3.0,False,1
2025-05-01,10.0,VIP,3.0,False,2
2025-05-01,10.0,PS,3.0,False,2
2025-05-01,11.0,Pro,3.0,False,1
2025-05-01,11.0,VIP,3.0,False,3
2025-05-01,11.0,PS,3.0,False,1
2025-05-01,12.0,Pro,3.0,False,0
2025-05-01,12.0,VIP,3.0,False,2
2025-05-01,12.0,PS,3.0,False,2
2025-05-01,13.0,Pro,3.0,False,2
2025-05-01,13.0,VIP,3.0,False,2
2025-05-01,13.0,PS,3.0,False,3
2025-05-01,14.0,Pro,3.0,False,2
2025-05-01,14.0,VIP,3.0,False,1
2025-05-01,14.0,PS,3.0,False,2
2025-05-01,15.0,Pro,3.0,False,0
2025-05-01,15.0,VIP,3.0,False,3
2025-05-01,15.0,PS,3.0,False,2
2025-05-01,16.0,Pro,3.0,False,0
2025-05-01,16.0,VIP,3.0,False,4
2025-05-01,16.0,PS,3.0,False,0
2025-05-01,17.0,Pro,3.0,False,0
2025-05-01,17.0,VIP,3.0,False,0
2025-05-01,17.0,PS,3.0,False,4
2025-05-01,18.0,Pro,3.0,False,5
2025-05-01,18.0,VIP,3.0,False,6
2025-05-01,18.0,PS,3.0,False,1
2025-05-01,19.0,Pro,3.0,False,3
2025-05-01,19.0,VIP,3.0,False,6
2025-05-01,19.0,PS,3.0,False,3
2025-05-01,20.0,Pro,3.0,False,2
2025-05-01,20.0,VIP,3.0,False,6
2025-05-01,20.0,PS,3.0,False,3
2025-05-01,21.0,Pro,3.0,False,2
2025-05-01,21.0,VIP,3.0,False,2
2025-05-01,21.0,PS,3.0,False,5
2025-05-01,22.0,Pro,3.0,False,3
2025-05-01,22.0,VIP,3.0,False,5
2025-05-01,22.0,PS,3.0,False,3
2025-05-01,23.0,Pro,3.0,False,0
2025-05-01,23.0,VIP,3.0,False,3
2025-05-01,23.0,PS,3.0,False,0
2025-05-02,8.0,Pro,4.0,False,0
2025-05-02,8.0,VIP,4.0,False,1
2025-05-02,8.0,PS,4.0,False,4
2025-05-02,9.0,Pro,4.0,False,1
2025-05-02,9.0,VIP,4.0,False,1
2025-05-02,9.0,PS,4.0,False,2
2025-05-02,10.0,Pro,4.0,False,0
2025-05-02,10.0,VIP,4.0,False,2
2025-05-02,10.0,PS,4.0,False,1
2025-05-02,11.0,Pro,4.0,False,1
2025-05-02,11.0,VIP,4.0,False,1
2025-05-02,11.0,PS,4.0,False,0
2025-05-02,12.0,Pro,4.0,False,3
2025-05-02,12.0,VIP,4.0,False,2
2025-05-02,12.0,PS,4.0,False,4
2025-05-02,13.0,Pro,4.0,False,2
2025-05-02,13.0,VIP,4.0,False,3
2025-05-02,13.0,PS,4.0,False,1
2025-05-02,14.0,Pro,4.0,False,2
2025-05-02,14.0,VIP,4.0,False,0
2025-05-02,14.0,PS,4.0,False,1
2025-05-02,15.0,Pro,4.0,False,0
2025-05-02,15.0,VIP,4.0,False,3
2025-05-02,15.0,PS,4.0,False,0
2025-05-02,16.0,Pro,4.0,False,2
2025-05-02,16.0,VIP,4.0,False,4
2025-05-02,16.0,PS,4.0,False,5
2025-05-02,17.0,Pro,4.0,False,2
2025-05-02,17.0,VIP,4.0,False,3
2025-05-02,17.0,PS,4.0,False,3
2025-05-02,18.0,Pro,4.0,False,3
2025-05-02,18.0,VIP,4.0,False,6
2025-05-02,18.0,PS,4.0,False,5
2025-05-02,19.0,Pro,4.0,False,4
2025-05-02,19.0,VIP,4.0,False,5
2025-05-02,19.0,PS,4.0,False,6
2025-05-02,20.0,Pro,4.0,False,1
2025-05-02,20.0,VIP,4.0,False,4
2025-05-02,20.0,PS,4.0,False,4
2025-05-02,21.0,Pro,4.0,False,4
2025-05-02,21.0,VIP,4.0,False,4
2025-05-02,21.0,PS,4.0,False,7
2025-05-02,22.0,Pro,4.0,False,5
2025-05-02,22.0,VIP,4.0,False,6
2025-05-02,22.0,PS,4.0,False,4
2025-05-02,23.0,Pro,4.0,False,0
2025-05-02,23.0,VIP,4.0,False,3
2025-05-02,23.0,PS,4.0,False,2
2025-05-03,8.0,Pro,5.0,True,5
2025-05-03,8.0,VIP,5.0,True,6
2025-05-03,8.0,PS,5.0,True,3
2025-05-03,9.0,Pro,5.0,True,1
2025-05-03,9.0,VIP,5.0,True,4
2025-05-03,9.0,PS,5.0,True,3
2025-05-03,10.0,Pro,5.0,True,3
2025-05-03,10.0,VIP,5.0,True,4
2025-05-03,10.0,PS,5.0,True,5
2025-05-03,11.0,Pro,5.0,True,3
2025-05-03,11.0,VIP,5.0,True,6
2025-05-03,11.0,PS,5.0,True,3
2025-05-03,12.0,Pro,5.0,True,4
2025-05-03,12.0,VIP,5.0,True,4
2025-05-03,12.0,PS,5.0,True,3
2025-05-03,13.0,Pro,5.0,True,3
2025-05-03,13.0,VIP,5.0,True,3
2025-05-03,13.0,PS,5.0,True,4
2025-05-03,14.0,Pro,5.0,True,3
2025-05-03,14.0,VIP,5.0,True,4
2025-05-03,14.0,PS,5.0,True,3
2025-05-03,15.0,Pro,5.0,True,3
2025-05-03,15.0,VIP,5.0,True,4
2025-05-03,15.0,PS,5.0,True,5
2025-05-03,16.0,Pro,5.0,True,3
2025-05-03,16.0,VIP,5.0,True,6
2025-05-03,16.0,PS,5.0,True,6
2025-05-03,17.0,Pro,5.0,True,3
2025-05-03,17.0,VIP,5.0,True,3
2025-05-03,17.0,PS,5.0,True,4
2025-05-03,18.0,Pro,5.0,True,4
2025-05-03,18.0,VIP,5.0,True,5
2025-05-03,18.0,PS,5.0,True,7
2025-05-03,19.0,Pro,5.0,True,6
2025-05-03,19.0,VIP,5.0,True,6
2025-05-03,19.0,PS,5.0,True,5
2025-05-03,20.0,Pro,5.0,True,5
2025-05-03,20.0,VIP,5.0,True,5
2025-05-03,20.0,PS,5.0,True,4
2025-05-03,21.0,Pro,5.0,True,3
2025-05-03,21.0,VIP,5.0,True,5
2025-05-03,21.0,PS,5.0,True,4
2025-05-03,22.0,Pro,5.0,True,7
2025-05-03,22.0,VIP,5.0,True,6
2025-05-03,22.0,PS,5.0,True,9
2025-05-03,23.0,Pro,5.0,True,2
2025-05-03,23.0,VIP,5.0,True,4
2025-05-03,23.0,PS,5.0,True,3
2025-05-04,8.0,Pro,6.0,True,2
2025-05-04,8.0,VIP,6.0,True,4
2025-05-04,8.0,PS,6.0,True,3
2025-05-04,9.0,Pro,6.0,True,4
2025-05-04,9.0,VIP,6.0,True,4
2025-05-04,9.0,PS,6.0,True,6
2025-05-04,10.0,Pro,6.0,True,5
2025-05-04,10.0,VIP,6.0,True,3
2025-05-04,10.0,PS,6.0,True,5
2025-05-04,11.0,Pro,6.0,True,4
2025-05-04,11.0,VIP,6.0,True,4
2025-05-04,11.0,PS,6.0,True,5
2025-05-04,12.0,Pro,6.0,True,4
2025-05-04,12.0,VIP,6.0,True,4
2025-05-04,12.0,PS,6.0,True,6
2025-05-04,13.0,Pro,6.0,True,5
2025-05-04,13.0,VIP,6.0,True,5
2025-05-04,13.0,PS,6.0,True,7
2025-05-04,14.0,Pro,6.0,True,3
2025-05-04,14.0,VIP,6.0,True,5
2025-05-04,14.0,PS,6.0,True,6
2025-05-04,15.0,Pro,6.0,True,3
2025-05-04,15.0,VIP,6.0,True,5
2025-05-04,15.0,PS,6.0,True,3
2025-05-04,16.0,Pro,6.0,True,4
2025-05-04,16.0,VIP,6.0,True,3
2025-05-04,16.0,PS,6.0,True,5
2025-05-04,17.0,Pro,6.0,True,4
2025-05-04,17.0,VIP,6.0,True,4
2025-05-04,17.0,PS,6.0,True,5
2025-05-04,18.0,Pro,6.0,True,4
2025-05-04,18.0,VIP,6.0,True,6
2025-05-04,18.0,PS,6.0,True,5
2025-05-04,19.0,Pro,6.0,True,7
2025-05-04,19.0,VIP,6.0,True,5
2025-05-04,19.0,PS,6.0,True,5
2025-05-04,20.0,Pro,6.0,True,5
2025-05-04,20.0,VIP,6.0,True,5
2025-05-04,20.0,PS,6.0,True,5
2025-05-04,21.0,Pro,6.0,True,3
2025-05-04,21.0,VIP,6.0,True,7
2025-05-04,21.0,PS,6.0,True,4
2025-05-04,22.0,Pro,6.0,True,5
2025-05-04,22.0,VIP,6.0,True,7
2025-05-04,22.0,PS,6.0,True,7
2025-05-04,23.0,Pro,6.0,True,1
2025-05-04,23.0,VIP,6.0,True,4
2025-05-04,23.0,PS,6.0,True,5
2025-05-05,8.0,Pro,0.0,False,0
2025-05-05,8.0,VIP,0.0,False,2
2025-05-05,8.0,PS,0.0,False,3
2025-05-05,9.0,Pro,0.0,False,1
2025-05-05,9.0,VIP,0.0,False,2
2025-05-05,9.0,PS,0.0,False,3
2025-05-05,10.0,Pro,0.0,False,0
2025-05-05,10.0,VIP,0.0,False,2
2025-05-05,10.0,PS,0.0,False,2
2025-05-05,11.0,Pro,0.0,False,2
2025-05-05,11.0,VIP,0.0,False,0
2025-05-05,11.0,PS,0.0,False,3
2025-05-05,12.0,Pro,0.0,False,1
2025-05-05,12.0,VIP,0.0,False,1
2025-05-05,12.0,PS,0.0,False,0
2025-05-05,13.0,Pro,0.0,False,2
2025-05-05,13.0,VIP,0.0,False,0
2025-05-05,13.0,PS,0.0,False,1
2025-05-05,14.0,Pro,0.0,False,1
2025-05-05,14.0,VIP,0.0,False,3
2025-05-05,14.0,PS,0.0,False,1
2025-05-05,15.0,Pro,0.0,False,1
2025-05-05,15.0,VIP,0.0,False,2
2025-05-05,15.0,PS,0.0,False,4
2025-05-05,16.0,Pro,0.0,False,1
2025-05-05,16.0,VIP,0.0,False,0
2025-05-05,16.0,PS,0.0,False,3
2025-05-05,17.0,Pro,0.0,False,0
2025-05-05,17.0,VIP,0.0,False,0
2025-05-05,17.0,PS,0.0,False,1
2025-05-05,18.0,Pro,0.0,False,3
2025-05-05,18.0,VIP,0.0,False,2
2025-05-05,18.0,PS,0.0,False,3
2025-05-05,19.0,Pro,0.0,False,3
2025-05-05,19.0,VIP,0.0,False,5
2025-05-05,19.0,PS,0.0,False,2
2025-05-05,20.0,Pro,0.0,False,3
2025-05-05,20.0,VIP,0.0,False,4
2025-05-05,20.0,PS,0.0,False,5
2025-05-05,21.0,Pro,0.0,False,4
2025-05-05,21.0,VIP,0.0,False,3
2025-05-05,21.0,PS,0.0,False,1
2025-05-05,22.0,Pro,0.0,False,2
2025-05-05,22.0,VIP,0.0,False,4
2025-05-05,22.0,PS,0.0,False,5
2025-05-05,23.0,Pro,0.0,False,1
2025-05-05,23.0,VIP,0.0,False,3
2025-05-05,23.0,PS,0.0,False,2
2025-05-06,8.0,Pro,1.0,False,1
2025-05-06,8.0,VIP,1.0,False,1
2025-05-06,8.0,PS,1.0,False,1
2025-05-06,9.0,Pro,1.0,False,1
2025-05-06,9.0,VIP,1.0,False,3
2025-05-06,9.0,PS,1.0,False,3
2025-05-06,10.0,Pro,1.0,False,1
2025-05-06,10.0,VIP,1.0,False,2
2025-05-06,10.0,PS,1.0,False,1
2025-05-06,11.0,Pro,1.0,False,2
2025-05-06,11.0,VIP,1.0,False,1
2025-05-06,11.0,PS,1.0,False,5
2025-05-06,12.0,Pro,1.0,False,0
2025-05-06,12.0,VIP,1.0,False,2
2025-05-06,12.0,PS,1.0,False,3
2025-05-06,13.0,Pro,1.0,False,3
2025-05-06,13.0,VIP,1.0,False,2
2025-05-06,13.0,PS,1.0,False,0
2025-05-06,14.0,Pro,1.0,False,0
2025-05-06,14.0,VIP,1.0,False,1
2025-05-06,14.0,PS,1.0,False,1
2025-05-06,15.0,Pro,1.0,False,2
2025-05-06,15.0,VIP,1.0,False,1
2025-05-06,15.0,PS,1.0,False,1
2025-05-06,16.0,Pro,1.0,False,2
2025-05-06,16.0,VIP,1.0,False,1
2025-05-06,16.0,PS,1.0,False,5
2025-05-06,17.0,Pro,1.0,False,1
2025-05-06,17.0,VIP,1.0,False,1
2025-05-06,17.0,PS,1.0,False,2
2025-05-06,18.0,Pro,1.0,False,3
2025-05-06,18.0,VIP,1.0,False,4
2025-05-06,18.0,PS,1.0,False,6
2025-05-06,19.0,Pro,1.0,False,3
2025-05-06,19.0,VIP,1.0,False,5
2025-05-06,19.0,PS,1.0,False,4
2025-05-06,20.0,Pro,1.0,False,3
2025-05-06,20.0,VIP,1.0,False,5
2025-05-06,20.0,PS,1.0,False,6
2025-05-06,21.0,Pro,1.0,False,3
2025-05-06,21.0,VIP,1.0,False,4
2025-05-06,21.0,PS,1.0,False,4
2025-05-06,22.0,Pro,1.0,False,2
2025-05-06,22.0,VIP,1.0,False,6
2025-05-06,22.0,PS,1.0,False,1
2025-05-06,23.0,Pro,1.0,False,0
2025-05-06,23.0,VIP,1.0,False,2
2025-05-06,23.0,PS,1.0,False,0
2025-05-07,8.0,Pro,2.0,False,3
2025-05-07,8.0,VIP,2.0,False,2
2025-05-07,8.0,PS,2.0,False,3
2025-05-07,9.0,Pro,2.0,False,0
2025-05-07,9.0,VIP,2.0,False,3
2025-05-07,9.0,PS,2.0,False,1
2025-05-07,10.0,Pro,2.0,False,1
2025-05-07,10.0,VIP,2.0,False,1
2025-05-07,10.0,PS,2.0,False,1
2025-05-07,11.0,Pro,2.0,False,1
2025-05-07,11.0,VIP,2.0,False,2
2025-05-07,11.0,PS,2.0,False,4
2025-05-07,12.0,Pro,2.0,False,1
2025-05-07,12.0,VIP,2.0,False,3
2025-05-07,12.0,PS,2.0,False,5
2025-05-07,13.0,Pro,2.0,False,3
2025-05-07,13.0,VIP,2.0,False,3
2025-05-07,13.0,PS,2.0,False,2
2025-05-07,14.0,Pro,2.0,False,1
2025-05-07,14.0,VIP,2.0,False,3
2025-05-07,14.0,PS,2.0,False,3
2025-05-07,15.0,Pro,2.0,False,2
2025-05-07,15.0,VIP,2.0,False,3
2025-05-07,15.0,PS,2.0,False,2
2025-05-07,16.0,Pro,2.0,False,0
2025-05-07,16.0,VIP,2.0,False,1
2025-05-07,16.0,PS,2.0,False,4
2025-05-07,17.0,Pro,2.0,False,2
2025-05-07,17.0,VIP,2.0,False,2
2025-05-07,17.0,PS,2.0,False,3
2025-05-07,18.0,Pro,2.0,False,2
2025-05-07,18.0,VIP,2.0,False,6
2025-05-07,18.0,PS,2.0,False,6
2025-05-07,19.0,Pro,2.0,False,4
2025-05-07,19.0,VIP,2.0,False,5
2025-05-07,19.0,PS,2.0,False,1
2025-05-07,20.0,Pro,2.0,False,3
2025-05-07,20.0,VIP,2.0,False,6
2025-05-07,20.0,PS,2.0,False,3
2025-05-07,21.0,Pro,2.0,False,2
2025-05-07,21.0,VIP,2.0,False,5
2025-05-07,21.0,PS,2.0,False,4
2025-05-07,22.0,Pro,2.0,False,2
2025-05-07,22.0,VIP,2.0,False,2
2025-05-07,22.0,PS,2.0,False,4
2025-05-07,23.0,Pro,2.0,False,0
2025-05-07,23.0,VIP,2.0,False,2
2025-05-07,23.0,PS,2.0,False,3
2025-05-08,8.0,Pro,3.0,False,0
2025-05-08,8.0,VIP,3.0,False,1
2025-05-08,8.0,PS,3.0,False,0
2025-05-08,9.0,Pro,3.0,False,1
2025-05-08,9.0,VIP,3.0,False,2
2025-05-08,9.0,PS,3.0,False,2
2025-05-08,10.0,Pro,3.0,False,1
2025-05-08,10.0,VIP,3.0,False,3
2025-05-08,10.0,PS,3.0,False,3
2025-05-08,11.0,Pro,3.0,False,0
2025-05-08,11.0,VIP,3.0,False,4
2025-05-08,11.0,PS,3.0,False,2
2025-05-08,12.0,Pro,3.0,False,1
2025-05-08,12.0,VIP,3.0,False,4
2025-05-08,12.0,PS,3.0,False,4
2025-05-08,13.0,Pro,3.0,False,0
2025-05-08,13.0,VIP,3.0,False,3
2025-05-08,13.0,PS,3.0,False,2
2025-05-08,14.0,Pro,3.0,False,1
2025-05-08,14.0,VIP,3.0,False,2
2025-05-08,14.0,PS,3.0,False,2
2025-05-08,15.0,Pro,3.0,False,3
2025-05-08,15.0,VIP,3.0,False,3
2025-05-08,15.0,PS,3.0,False,3
2025-05-08,16.0,Pro,3.0,False,0
2025-05-08,16.0,VIP,3.0,False,0
2025-05-08,16.0,PS,3.0,False,5
2025-05-08,17.0,Pro,3.0,False,2
2025-05-08,17.0,VIP,3.0,False,3
2025-05-08,17.0,PS,3.0,False,1
2025-05-08,18.0,Pro,3.0,False,5
2025-05-08,18.0,VIP,3.0,False,4
2025-05-08,18.0,PS,3.0,False,5
2025-05-08,19.0,Pro,3.0,False,2
2025-05-08,19.0,VIP,3.0,False,5
2025-05-08,19.0,PS,3.0,False,3
2025-05-08,20.0,Pro,3.0,False,5
2025-05-08,20.0,VIP,3.0,False,5
2025-05-08,20.0,PS,3.0,False,6
2025-05-08,21.0,Pro,3.0,False,2
2025-05-08,21.0,VIP,3.0,False,2
2025-05-08,21.0,PS,3.0,False,7
2025-05-08,22.0,Pro,3.0,False,4
2025-05-08,22.0,VIP,3.0,False,4
2025-05-08,22.0,PS,3.0,False,7
2025-05-08,23.0,Pro,3.0,False,3
2025-05-08,23.0,VIP,3.0,False,3
2025-05-08,23.0,PS,3.0,False,0
2025-05-09,8.0,Pro,4.0,False,2
2025-05-09,8.0,VIP,4.0,False,2
2025-05-09,8.0,PS,4.0,False,1
2025-05-09,9.0,Pro,4.0,False,3
2025-05-09,9.0,VIP,4.0,False,2
2025-05-09,9.0,PS,4.0,False,1
2025-05-09,10.0,Pro,4.0,False,0
2025-05-09,10.0,VIP,4.0,False,4
2025-05-09,10.0,PS,4.0,False,2
2025-05-09,11.0,Pro,4.0,False,0
2025-05-09,11.0,VIP,4.0,False,3
2025-05-09,11.0,PS,4.0,False,2
2025-05-09,12.0,Pro,4.0,False,0
2025-05-09,12.0,VIP,4.0,False,1
2025-05-09,12.0,PS,4.0,False,2
2025-05-09,13.0,Pro,4.0,False,1
2025-05-09,13.0,VIP,4.0,False,3
2025-05-09,13.0,PS,4.0,False,0
2025-05-09,14.0,Pro,4.0,False,1
2025-05-09,14.0,VIP,4.0,False,3
2025-05-09,14.0,PS,4.0,False,1
2025-05-09,15.0,Pro,4.0,False,3
2025-05-09,15.0,VIP,4.0,False,3
2025-05-09,15.0,PS,4.0,False,0
2025-05-09,16.0,Pro,4.0,False,2
2025-05-09,16.0,VIP,4.0,False,2
2025-05-09,16.0,PS,4.0,False,3
2025-05-09,17.0,Pro,4.0,False,2
2025-05-09,17.0,VIP,4.0,False,1
2025-05-09,17.0,PS,4.0,False,0
2025-05-09,18.0,Pro,4.0,False,3
2025-05-09,18.0,VIP,4.0,False,6
2025-05-09,18.0,PS,4.0,False,6
2025-05-09,19.0,Pro,4.0,False,2
2025-05-09,19.0,VIP,4.0,False,5
2025-05-09,19.0,PS,4.0,False,6
2025-05-09,20.0,Pro,4.0,False,3
2025-05-09,20.0,VIP,4.0,False,4
2025-05-09,20.0,PS,4.0,False,6
2025-05-09,21.0,Pro,4.0,False,3
2025-05-09,21.0,VIP,4.0,False,6
2025-05-09,21.0,PS,4.0,False,3
2025-05-09,22.0,Pro,4.0,False,2
2025-05-09,22.0,VIP,4.0,False,3
2025-05-09,22.0,PS,4.0,False,4
2025-05-09,23.0,Pro,4.0,False,2
2025-05-09,23.0,VIP,4.0,False,3
2025-05-09,23.0,PS,4.0,False,4
2025-05-10,8.0,Pro,5.0,True,2
2025-05-10,8.0,VIP,5.0,True,2
2025-05-10,8.0,PS,5.0,True,7
2025-05-10,9.0,Pro,5.0,True,4
2025-05-10,9.0,VIP,5.0,True,3
2025-05-10,9.0,PS,5.0,True,5
2025-05-10,10.0,Pro,5.0,True,2
2025-05-10,10.0,VIP,5.0,True,4
2025-05-10,10.0,PS,5.0,True,2
2025-05-10,11.0,Pro,5.0,True,3
2025-05-10,11.0,VIP,5.0,True,4
2025-05-10,11.0,PS,5.0,True,3
2025-05-10,12.0,Pro,5.0,True,3
2025-05-10,12.0,VIP,5.0,True,6
2025-05-10,12.0,PS,5.0,True,3
2025-05-10,13.0,Pro,5.0,True,2
2025-05-10,13.0,VIP,5.0,True,3
2025-05-10,13.0,PS,5.0,True,4
2025-05-10,14.0,Pro,5.0,True,3
2025-05-10,14.0,VIP,5.0,True,4
2025-05-10,14.0,PS,5.0,True,6
2025-05-10,15.0,Pro,5.0,True,5
2025-05-10,15.0,VIP,5.0,True,5
2025-05-10,15.0,PS,5.0,True,4
2025-05-10,16.0,Pro,5.0,True,2
2025-05-10,16.0,VIP,5.0,True,5
2025-05-10,16.0,PS,5.0,True,4
2025-05-10,17.0,Pro,5.0,True,2
2025-05-10,17.0,VIP,5.0,True,3
2025-05-10,17.0,PS,5.0,True,5
2025-05-10,18.0,Pro,5.0,True,5
2025-05-10,18.0,VIP,5.0,True,7
2025-05-10,18.0,PS,5.0,True,8
2025-05-10,19.0,Pro,5.0,True,7
2025-05-10,19.0,VIP,5.0,True,7
2025-05-10,19.0,PS,5.0,True,5
2025-05-10,20.0,Pro,5.0,True,5
2025-05-10,20.0,VIP,5.0,True,5
2025-05-10,20.0,PS,5.0,True,7
2025-05-10,21.0,Pro,5.0,True,7
2025-05-10,21.0,VIP,5.0,True,7
2025-05-10,21.0,PS,5.0,True,5
2025-05-10,22.0,Pro,5.0,True,5
2025-05-10,22.0,VIP,5.0,True,6
2025-05-10,22.0,PS,5.0,True,5
2025-05-10,23.0,Pro,5.0,True,3
2025-05-10,23.0,VIP,5.0,True,6
2025-05-10,23.0,PS,5.0,True,6
2025-05-11,8.0,Pro,6.0,True,2
2025-05-11,8.0,VIP,6.0,True,3
2025-05-11,8.0,PS,6.0,True,7
2025-05-11,9.0,Pro,6.0,True,2
2025-05-11,9.0,VIP,6.0,True,3
2025-05-11,9.0,PS,6.0,True,4
2025-05-11,10.0,Pro,6.0,True,3
2025-05-11,10.0,VIP,6.0,True,5
2025-05-11,10.0,PS,6.0,True,2
2025-05-11,11.0,Pro,6.0,True,4
2025-05-11,11.0,VIP,6.0,True,6
2025-05-11,11.0,PS,6.0,True,5
2025-05-11,12.0,Pro,6.0,True,4
2025-05-11,12.0,VIP,6.0,True,5
2025-05-11,12.0,PS,6.0,True,3
2025-05-11,13.0,Pro,6.0,True,3
2025-05-11,13.0,VIP,6.0,True,2
2025-05-11,13.0,PS,6.0,True,6
2025-05-11,14.0,Pro,6.0,True,4
2025-05-11,14.0,VIP,6.0,True,5
2025-05-11,14.0,PS,6.0,True,5
2025-05-11,15.0,Pro,6.0,True,4
2025-05-11,15.0,VIP,6.0,True,5
2025-05-11,15.0,PS,6.0,True,4
2025-05-11,16.0,Pro,6.0,True,2
2025-05-11,16.0,VIP,6.0,True,2
2025-05-11,16.0,PS,6.0,True,5
2025-05-11,17.0,Pro,6.0,True,4
2025-05-11,17.0,VIP,6.0,True,6
2025-05-11,17.0,PS,6.0,True,4
2025-05-11,18.0,Pro,6.0,True,6
2025-05-11,18.0,VIP,6.0,True,7
2025-05-11,18.0,PS,6.0,True,6
2025-05-11,19.0,Pro,6.0,True,3
2025-05-11,19.0,VIP,6.0,True,5
2025-05-11,19.0,PS,6.0,True,7
2025-05-11,20.0,Pro,6.0,True,5
2025-05-11,20.0,VIP,6.0,True,7
2025-05-11,20.0,PS,6.0,True,9
2025-05-11,21.0,Pro,6.0,True,4
2025-05-11,21.0,VIP,6.0,True,5
2025-05-11,21.0,PS,6.0,True,8
2025-05-11,22.0,Pro,6.0,True,4
2025-05-11,22.0,VIP,6.0,True,6
2025-05-11,22.0,PS,6.0,True,6
2025-05-11,23.0,Pro,6.0,True,1
2025-05-11,23.0,VIP,6.0,True,4
2025-05-11,23.0,PS,6.0,True,6
2025-05-12,8.0,Pro,0.0,False,0
2025-05-12,8.0,VIP,0.0,False,1
2025-05-12,8.0,PS,0.0,False,4
2025-05-12,9.0,Pro,0.0,False,0
2025-05-12,9.0,VIP,0.0,False,1
2025-05-12,9.0,PS,0.0,False,1
2025-05-12,10.0,Pro,0.0,False,0
2025-05-12,10.0,VIP,0.0,False,1
2025-05-12,10.0,PS,0.0,False,3
2025-05-12,11.0,Pro,0.0,False,1
2025-05-12,11.0,VIP,0.0,False,2
2025-05-12,11.0,PS,0.0,False,0
2025-05-12,12.0,Pro,0.0,False,1
2025-05-12,12.0,VIP,0.0,False,2
2025-05-12,12.0,PS,0.0,False,4
2025-05-12,13.0,Pro,0.0,False,0
2025-05-12,13.0,VIP,0.0,False,3
2025-05-12,13.0,PS,0.0,False,0
2025-05-12,14.0,Pro,0.0,False,0
2025-05-12,14.0,VIP,0.0,False,2
2025-05-12,14.0,PS,0.0,False,1
2025-05-12,15.0,Pro,0.0,False,2
2025-05-12,15.0,VIP,0.0,False,3
2025-05-12,15.0,PS,0.0,False,5
2025-05-12,16.0,Pro,0.0,False,1
2025-05-12,16.0,VIP,0.0,False,2
2025-05-12,16.0,PS,0.0,False,0
2025-05-12,17.0,Pro,0.0,False,0
2025-05-12,17.0,VIP,0.0,False,1
2025-05-12,17.0,PS,0.0,False,1
2025-05-12,18.0,Pro,0.0,False,4
2025-05-12,18.0,VIP,0.0,False,4
2025-05-12,18.0,PS,0.0,False,3
2025-05-12,19.0,Pro,0.0,False,4
2025-05-12,19.0,VIP,0.0,False,5
2025-05-12,19.0,PS,0.0,False,4
2025-05-12,20.0,Pro,0.0,False,4
2025-05-12,20.0,VIP,0.0,False,5
2025-05-12,20.0,PS,0.0,False,4
2025-05-12,21.0,Pro,0.0,False,4
2025-05-12,21.0,VIP,0.0,False,5
2025-05-12,21.0,PS,0.0,False,3
2025-05-12,22.0,Pro,0.0,False,1
2025-05-12,22.0,VIP,0.0,False,4
2025-05-12,22.0,PS,0.0,False,2
2025-05-12,23.0,Pro,0.0,False,2
2025-05-12,23.0,VIP,0.0,False,1
2025-05-12,23.0,PS,0.0,False,1
2025-05-13,8.0,Pro,1.0,False,1
2025-05-13,8.0,VIP,1.0,False,3
2025-05-13,8.0,PS,1.0,False,0
2025-05-13,9.0,Pro,1.0,False,2
2025-05-13,9.0,VIP,1.0,False,1
2025-05-13,9.0,PS,1.0,False,4
2025-05-13,10.0,Pro,1.0,False,1
2025-05-13,10.0,VIP,1.0,False,4
2025-05-13,10.0,PS,1.0,False,1
2025-05-13,11.0,Pro,1.0,False,2
2025-05-13,11.0,VIP,1.0,False,1
2025-05-13,11.0,PS,1.0,False,3
2025-05-13,12.0,Pro,1.0,False,0
2025-05-13,12.0,VIP,1.0,False,2
2025-05-13,12.0,PS,1.0,False,3
2025-05-13,13.0,Pro,1.0,False,0
2025-05-13,13.0,VIP,1.0,False,2
2025-05-13,13.0,PS,1.0,False,2
2025-05-13,14.0,Pro,1.0,False,0
2025-05-13,14.0,VIP,1.0,False,3
2025-05-13,14.0,PS,1.0,False,1
2025-05-13,15.0,Pro,1.0,False,1
2025-05-13,15.0,VIP,1.0,False,2
2025-05-13,15.0,PS,1.0,False,1
2025-05-13,16.0,Pro,1.0,False,3
2025-05-13,16.0,VIP,1.0,False,0
2025-05-13,16.0,PS,1.0,False,4
2025-05-13,17.0,Pro,1.0,False,0
2025-05-13,17.0,VIP,1.0,False,2
2025-05-13,17.0,PS,1.0,False,0
2025-05-13,18.0,Pro,1.0,False,5
2025-05-13,18.0,VIP,1.0,False,5
2025-05-13,18.0,PS,1.0,False,5
2025-05-13,19.0,Pro,1.0,False,4
2025-05-13,19.0,VIP,1.0,False,2
2025-05-13,19.0,PS,1.0,False,3
2025-05-13,20.0,Pro,1.0,False,3
2025-05-13,20.0,VIP,1.0,False,5
2025-05-13,20.0,PS,1.0,False,2
2025-05-13,21.0,Pro,1.0,False,2
2025-05-13,21.0,VIP,1.0,False,5
2025-05-13,21.0,PS,1.0,False,3
2025-05-13,22.0,Pro,1.0,False,3
2025-05-13,22.0,VIP,1.0,False,2
2025-05-13,22.0,PS,1.0,False,4
2025-05-13,23.0,Pro,1.0,False,2
2025-05-13,23.0,VIP,1.0,False,2
2025-05-13,23.0,PS,1.0,False,0
2025-05-14,8.0,Pro,2.0,False,2
2025-05-14,8.0,VIP,2.0,False,1
2025-05-14,8.0,PS,2.0,False,1
2025-05-14,9.0,Pro,2.0,False,2
2025-05-14,9.0,VIP,2.0,False,2
2025-05-14,9.0,PS,2.0,False,3
2025-05-14,10.0,Pro,2.0,False,1
2025-05-14,10.0,VIP,2.0,False,3
2025-05-14,10.0,PS,2.0,False,2
2025-05-14,11.0,Pro,2.0,False,0
2025-05-14,11.0,VIP,2.0,False,3
2025-05-14,11.0,PS,2.0,False,2
2025-05-14,12.0,Pro,2.0,False,1
2025-05-14,12.0,VIP,2.0,False,2
2025-05-14,12.0,PS,2.0,False,0
2025-05-14,13.0,Pro,2.0,False,0
2025-05-14,13.0,VIP,2.0,False,3
2025-05-14,13.0,PS,2.0,False,2
2025-05-14,14.0,Pro,2.0,False,3
2025-05-14,14.0,VIP,2.0,False,2
2025-05-14,14.0,PS,2.0,False,4
2025-05-14,15.0,Pro,2.0,False,0
2025-05-14,15.0,VIP,2.0,False,4
2025-05-14,15.0,PS,2.0,False,3
2025-05-14,16.0,Pro,2.0,False,2
2025-05-14,16.0,VIP,2.0,False,3
2025-05-14,16.0,PS,2.0,False,4
2025-05-14,17.0,Pro,2.0,False,2
2025-05-14,17.0,VIP,2.0,False,3
2025-05-14,17.0,PS,2.0,False,3
2025-05-14,18.0,Pro,2.0,False,2
2025-05-14,18.0,VIP,2.0,False,3
2025-05-14,18.0,PS,2.0,False,4
2025-05-14,19.0,Pro,2.0,False,4
2025-05-14,19.0,VIP,2.0,False,3
2025-05-14,19.0,PS,2.0,False,7
2025-05-14,20.0,Pro,2.0,False,4
2025-05-14,20.0,VIP,2.0,False,4
2025-05-14,20.0,PS,2.0,False,2
2025-05-14,21.0,Pro,2.0,False,2
2025-05-14,21.0,VIP,2.0,False,3
2025-05-14,21.0,PS,2.0,False,3
2025-05-14,22.0,Pro,2.0,False,2
2025-05-14,22.0,VIP,2.0,False,2
2025-05-14,22.0,PS,2.0,False,2
2025-05-14,23.0,Pro,2.0,False,3
2025-05-14,23.0,VIP,2.0,False,0
2025-05-14,23.0,PS,2.0,False,1
2025-05-15,8.0,Pro,3.0,False,1
2025-05-15,8.0,VIP,3.0,False,0
2025-05-15,8.0,PS,3.0,False,1
2025-05-15,9.0,Pro,3.0,False,1
2025-05-15,9.0,VIP,3.0,False,3
2025-05-15,9.0,PS,3.0,False,0
2025-05-15,10.0,Pro,3.0,False,1
2025-05-15,10.0,VIP,3.0,False,1
2025-05-15,10.0,PS,3.0,False,0
2025-05-15,11.0,Pro,3.0,False,2
2025-05-15,11.0,VIP,3.0,False,2
2025-05-15,11.0,PS,3.0,False,4
2025-05-15,12.0,Pro,3.0,False,0
2025-05-15,12.0,VIP,3.0,False,2
2025-05-15,12.0,PS,3.0,False,3
2025-05-15,13.0,Pro,3.0,False,1
2025-05-15,13.0,VIP,3.0,False,1
2025-05-15,13.0,PS,3.0,False,2
2025-05-15,14.0,Pro,3.0,False,0
2025-05-15,14.0,VIP,3.0,False,2
2025-05-15,14.0,PS,3.0,False,4
2025-05-15,15.0,Pro,3.0,False,1
2025-05-15,15.0,VIP,3.0,False,3
2025-05-15,15.0,PS,3.0,False,2
2025-05-15,16.0,Pro,3.0,False,2
2025-05-15,16.0,VIP,3.0,False,2
2025-05-15,16.0,PS,3.0,False,3
2025-05-15,17.0,Pro,3.0,False,0
2025-05-15,17.0,VIP,3.0,False,1
2025-05-15,17.0,PS,3.0,False,1
2025-05-15,18.0,Pro,3.0,False,2
2025-05-15,18.0,VIP,3.0,False,3
2025-05-15,18.0,PS,3.0,False,4
2025-05-15,19.0,Pro,3.0,False,3
2025-05-15,19.0,VIP,3.0,False,4
2025-05-15,19.0,PS,3.0,False,4
2025-05-15,20.0,Pro,3.0,False,4
2025-05-15,20.0,VIP,3.0,False,4
2025-05-15,20.0,PS,3.0,False,4
2025-05-15,21.0,Pro,3.0,False,4
2025-05-15,21.0,VIP,3.0,False,5
2025-05-15,21.0,PS,3.0,False,5
2025-05-15,22.0,Pro,3.0,False,4
2025-05-15,22.0,VIP,3.0,False,6
2025-05-15,22.0,PS,3.0,False,1
2025-05-15,23.0,Pro,3.0,False,1
2025-05-15,23.0,VIP,3.0,False,2
2025-05-15,23.0,PS,3.0,False,3
2025-05-16,8.0,Pro,4.0,False,1
2025-05-16,8.0,VIP,4.0,False,4
2025-05-16,8.0,PS,4.0,False,1
2025-05-16,9.0,Pro,4.0,False,0
2025-05-16,9.0,VIP,4.0,False,1
2025-05-16,9.0,PS,4.0,False,0
2025-05-16,10.0,Pro,4.0,False,1
2025-05-16,10.0,VIP,4.0,False,2
2025-05-16,10.0,PS,4.0,False,2
2025-05-16,11.0,Pro,4.0,False,1
2025-05-16,11.0,VIP,4.0,False,3
2025-05-16,11.0,PS,4.0,False,3
2025-05-16,12.0,Pro,4.0,False,2
2025-05-16,12.0,VIP,4.0,False,3
2025-05-16,12.0,PS,4.0,False,4
2025-05-16,13.0,Pro,4.0,False,2
2025-05-16,13.0,VIP,4.0,False,1
2025-05-16,13.0,PS,4.0,False,3
2025-05-16,14.0,Pro,4.0,False,1
2025-05-16,14.0,VIP,4.0,False,4
2025-05-16,14.0,PS,4.0,False,1
2025-05-16,15.0,Pro,4.0,False,1
2025-05-16,15.0,VIP,4.0,False,3
2025-05-16,15.0,PS,4.0,False,1
2025-05-16,16.0,Pro,4.0,False,3
2025-05-16,16.0,VIP,4.0,False,4
2025-05-16,16.0,PS,4.0,False,4
2025-05-16,17.0,Pro,4.0,False,1
2025-05-16,17.0,VIP,4.0,False,3
2025-05-16,17.0,PS,4.0,False,0
2025-05-16,18.0,Pro,4.0,False,3
2025-05-16,18.0,VIP,4.0,False,3
2025-05-16,18.0,PS,4.0,False,6
2025-05-16,19.0,Pro,4.0,False,4
2025-05-16,19.0,VIP,4.0,False,2
2025-05-16,19.0,PS,4.0,False,4
2025-05-16,20.0,Pro,4.0,False,1
2025-05-16,20.0,VIP,4.0,False,5
2025-05-16,20.0,PS,4.0,False,2
2025-05-16,21.0,Pro,4.0,False,3
2025-05-16,21.0,VIP,4.0,False,4
2025-05-16,21.0,PS,4.0,False,6
2025-05-16,22.0,Pro,4.0,False,4
2025-05-16,22.0,VIP,4.0,False,4
2025-05-16,22.0,PS,4.0,False,6
2025-05-16,23.0,Pro,4.0,False,0
2025-05-16,23.0,VIP,4.0,False,2
2025-05-16,23.0,PS,4.0,False,3
2025-05-17,8.0,Pro,5.0,True,1
2025-05-17,8.0,VIP,5.0,True,4
2025-05-17,8.0,PS,5.0,True,3
2025-05-17,9.0,Pro,5.0,True,3
2025-05-17,9.0,VIP,5.0,True,4
2025-05-17,9.0,PS,5.0,True,6
2025-05-17,10.0,Pro,5.0,True,5
2025-05-17,10.0,VIP,5.0,True,4
2025-05-17,10.0,PS,5.0,True,4
2025-05-17,11.0,Pro,5.0,True,4
2025-05-17,11.0,VIP,5.0,True,5
2025-05-17,11.0,PS,5.0,True,5
2025-05-17,12.0,Pro,5.0,True,3
2025-05-17,12.0,VIP,5.0,True,4
2025-05-17,12.0,PS,5.0,True,6
2025-05-17,13.0,Pro,5.0,True,3
2025-05-17,13.0,VIP,5.0,True,4
2025-05-17,13.0,PS,5.0,True,4
2025-05-17,14.0,Pro,5.0,True,3
2025-05-17,14.0,VIP,5.0,True,3
2025-05-17,14.0,PS,5.0,True,5
2025-05-17,15.0,Pro,5.0,True,2
2025-05-17,15.0,VIP,5.0,True,2
2025-05-17,15.0,PS,5.0,True,3
2025-05-17,16.0,Pro,5.0,True,4
2025-05-17,16.0,VIP,5.0,True,2
2025-05-17,16.0,PS,5.0,True,6
2025-05-17,17.0,Pro,5.0,True,2
2025-05-17,17.0,VIP,5.0,True,3
2025-05-17,17.0,PS,5.0,True,5
2025-05-17,18.0,Pro,5.0,True,6
2025-05-17,18.0,VIP,5.0,True,6
2025-05-17,18.0,PS,5.0,True,6
2025-05-17,19.0,Pro,5.0,True,5
2025-05-17,19.0,VIP,5.0,True,6
2025-05-17,19.0,PS,5.0,True,8
2025-05-17,20.0,Pro,5.0,True,5
2025-05-17,20.0,VIP,5.0,True,7
2025-05-17,20.0,PS,5.0,True,9
2025-05-17,21.0,Pro,5.0,True,6
2025-05-17,21.0,VIP,5.0,True,6
2025-05-17,21.0,PS,5.0,True,7
2025-05-17,22.0,Pro,5.0,True,5
2025-05-17,22.0,VIP,5.0,True,7
2025-05-17,22.0,PS,5.0,True,8
2025-05-17,23.0,Pro,5.0,True,2
2025-05-17,23.0,VIP,5.0,True,2
2025-05-17,23.0,PS,5.0,True,7
2025-05-18,8.0,Pro,6.0,True,2
2025-05-18,8.0,VIP,6.0,True,4
2025-05-18,8.0,PS,6.0,True,2
2025-05-18,9.0,Pro,6.0,True,2
2025-05-18,9.0,VIP,6.0,True,6
2025-05-18,9.0,PS,6.0,True,4
2025-05-18,10.0,Pro,6.0,True,2
2025-05-18,10.0,VIP,6.0,True,2
2025-05-18,10.0,PS,6.0,True,1
2025-05-18,11.0,Pro,6.0,True,5
2025-05-18,11.0,VIP,6.0,True,5
2025-05-18,11.0,PS,6.0,True,5
2025-05-18,12.0,Pro,6.0,True,4
2025-05-18,12.0,VIP,6.0,True,4
2025-05-18,12.0,PS,6.0,True,4
2025-05-18,13.0,Pro,6.0,True,4
2025-05-18,13.0,VIP,6.0,True,4
2025-05-18,13.0,PS,6.0,True,6
2025-05-18,14.0,Pro,6.0,True,4
2025-05-18,14.0,VIP,6.0,True,3
2025-05-18,14.0,PS,6.0,True,7
2025-05-18,15.0,Pro,6.0,True,2
2025-05-18,15.0,VIP,6.0,True,5
2025-05-18,15.0,PS,6.0,True,3
2025-05-18,16.0,Pro,6.0,True,5
2025-05-18,16.0,VIP,6.0,True,6
2025-05-18,16.0,PS,6.0,True,7
2025-05-18,17.0,Pro,6.0,True,3
2025-05-18,17.0,VIP,6.0,True,2
2025-05-18,17.0,PS,6.0,True,5
2025-05-18,18.0,Pro,6.0,True,6
2025-05-18,18.0,VIP,6.0,True,6
2025-05-18,18.0,PS,6.0,True,6
2025-05-18,19.0,Pro,6.0,True,5
2025-05-18,19.0,VIP,6.0,True,5
2025-05-18,19.0,PS,6.0,True,4
2025-05-18,20.0,Pro,6.0,True,5
2025-05-18,20.0,VIP,6.0,True,5
2025-05-18,20.0,PS,6.0,True,5
2025-05-18,21.0,Pro,6.0,True,5
2025-05-18,21.0,VIP,6.0,True,8
2025-05-18,21.0,PS,6.0,True,5
2025-05-18,22.0,Pro,6.0,True,6
2025-05-18,22.0,VIP,6.0,True,6
2025-05-18,22.0,PS,6.0,True,5
2025-05-18,23.0,Pro,6.0,True,4
2025-05-18,23.0,VIP,6.0,True,4
2025-05-18,23.0,PS,6.0,True,4
2025-05-19,8.0,Pro,0.0,False,1
2025-05-19,8.0,VIP,0.0,False,2
2025-05-19,8.0,PS,0.0,False,3
2025-05-19,9.0,Pro,0.0,False,1
2025-05-19,9.0,VIP,0.0,False,2
2025-05-19,9.0,PS,0.0,False,3
2025-05-19,10.0,Pro,0.0,False,2
2025-05-19,10.0,VIP,0.0,False,3
2025-05-19,10.0,PS,0.0,False,1
2025-05-19,11.0,Pro,0.0,False,1
2025-05-19,11.0,VIP,0.0,False,1
2025-05-19,11.0,PS,0.0,False,4
2025-05-19,12.0,Pro,0.0,False,0
2025-05-19,12.0,VIP,0.0,False,3
2025-05-19,12.0,PS,0.0,False,2
2025-05-19,13.0,Pro,0.0,False,2
2025-05-19,13.0,VIP,0.0,False,3
2025-05-19,13.0,PS,0.0,False,0
2025-05-19,14.0,Pro,0.0,False,1
2025-05-19,14.0,VIP,0.0,False,0
2025-05-19,14.0,PS,0.0,False,4
2025-05-19,15.0,Pro,0.0,False,1
2025-05-19,15.0,VIP,0.0,False,0
2025-05-19,15.0,PS,0.0,False,2
2025-05-19,16.0,Pro,0.0,False,3
2025-05-19,16.0,VIP,0.0,False,2
2025-05-19,16.0,PS,0.0,False,3
2025-05-19,17.0,Pro,0.0,False,2
2025-05-19,17.0,VIP,0.0,False,1
2025-05-19,17.0,PS,0.0,False,1
2025-05-19,18.0,Pro,0.0,False,2
2025-05-19,18.0,VIP,0.0,False,5
2025-05-19,18.0,PS,0.0,False,3
2025-05-19,19.0,Pro,0.0,False,3
2025-05-19,19.0,VIP,0.0,False,6
2025-05-19,19.0,PS,0.0,False,3
2025-05-19,20.0,Pro,0.0,False,4
2025-05-19,20.0,VIP,0.0,False,3
2025-05-19,20.0,PS,0.0,False,7
2025-05-19,21.0,Pro,0.0,False,4
2025-05-19,21.0,VIP,0.0,False,2
2025-05-19,21.0,PS,0.0,False,4
2025-05-19,22.0,Pro,0.0,False,3
2025-05-19,22.0,VIP,0.0,False,5
2025-05-19,22.0,PS,0.0,False,5
2025-05-19,23.0,Pro,0.0,False,0
2025-05-19,23.0,VIP,0.0,False,2
2025-05-19,23.0,PS,0.0,False,1
2025-05-20,8.0,Pro,1.0,False,1
2025-05-20,8.0,VIP,1.0,False,2
2025-05-20,8.0,PS,1.0,False,3
2025-05-20,9.0,Pro,1.0,False,3
2025-05-20,9.0,VIP,1.0,False,0
2025-05-20,9.0,PS,1.0,False,2
2025-05-20,10.0,Pro,1.0,False,2
2025-05-20,10.0,VIP,1.0,False,3
2025-05-20,10.0,PS,1.0,False,1
2025-05-20,11.0,Pro,1.0,False,0
2025-05-20,11.0,VIP,1.0,False,2
2025-05-20,11.0,PS,1.0,False,3
2025-05-20,12.0,Pro,1.0,False,0
2025-05-20,12.0,VIP,1.0,False,0
2025-05-20,12.0,PS,1.0,False,0
2025-05-20,13.0,Pro,1.0,False,1
2025-05-20,13.0,VIP,1.0,False,3
2025-05-20,13.0,PS,1.0,False,2
2025-05-20,14.0,Pro,1.0,False,0
2025-05-20,14.0,VIP,1.0,False,2
2025-05-20,14.0,PS,1.0,False,5
2025-05-20,15.0,Pro,1.0,False,0
2025-05-20,15.0,VIP,1.0,False,2
2025-05-20,15.0,PS,1.0,False,1
2025-05-20,16.0,Pro,1.0,False,3
2025-05-20,16.0,VIP,1.0,False,0
2025-05-20,16.0,PS,1.0,False,0
2025-05-20,17.0,Pro,1.0,False,0
2025-05-20,17.0,VIP,1.0,False,2
2025-05-20,17.0,PS,1.0,False,1
2025-05-20,18.0,Pro,1.0,False,3
2025-05-20,18.0,VIP,1.0,False,4
2025-05-20,18.0,PS,1.0,False,3
2025-05-20,19.0,Pro,1.0,False,2
2025-05-20,19.0,VIP,1.0,False,6
2025-05-20,19.0,PS,1.0,False,6
2025-05-20,20.0,Pro,1.0,False,5
2025-05-20,20.0,VIP,1.0,False,2
2025-05-20,20.0,PS,1.0,False,4
2025-05-20,21.0,Pro,1.0,False,3
2025-05-20,21.0,VIP,1.0,False,2
2025-05-20,21.0,PS,1.0,False,6
2025-05-20,22.0,Pro,1.0,False,5
2025-05-20,22.0,VIP,1.0,False,5
2025-05-20,22.0,PS,1.0,False,3
2025-05-20,23.0,Pro,1.0,False,2
2025-05-20,23.0,VIP,1.0,False,2
2025-05-20,23.0,PS,1.0,False,2
2025-05-21,8.0,Pro,2.0,False,0
2025-05-21,8.0,VIP,2.0,False,3
2025-05-21,8.0,PS,2.0,False,2
2025-05-21,9.0,Pro,2.0,False,3
2025-05-21,9.0,VIP,2.0,False,1
2025-05-21,9.0,PS,2.0,False,0
2025-05-21,10.0,Pro,2.0,False,1
2025-05-21,10.0,VIP,2.0,False,1
2025-05-21,10.0,PS,2.0,False,3
2025-05-21,11.0,Pro,2.0,False,2
2025-05-21,11.0,VIP,2.0,False,1
2025-05-21,11.0,PS,2.0,False,3
2025-05-21,12.0,Pro,2.0,False,1
2025-05-21,12.0,VIP,2.0,False,1
2025-05-21,12.0,PS,2.0,False,2
2025-05-21,13.0,Pro,2.0,False,0
2025-05-21,13.0,VIP,2.0,False,1
2025-05-21,13.0,PS,2.0,False,1
2025-05-21,14.0,Pro,2.0,False,1
2025-05-21,14.0,VIP,2.0,False,2
2025-05-21,14.0,PS,2.0,False,5
2025-05-21,15.0,Pro,2.0,False,3
2025-05-21,15.0,VIP,2.0,False,3
2025-05-21,15.0,PS,2.0,False,1
2025-05-21,16.0,Pro,2.0,False,0
2025-05-21,16.0,VIP,2.0,False,2
2025-05-21,16.0,PS,2.0,False,2
2025-05-21,17.0,Pro,2.0,False,1
2025-05-21,17.0,VIP,2.0,False,1
2025-05-21,17.0,PS,2.0,False,1
2025-05-21,18.0,Pro,2.0,False,4
2025-05-21,18.0,VIP,2.0,False,3
2025-05-21,18.0,PS,2.0,False,3
2025-05-21,19.0,Pro,2.0,False,3
2025-05-21,19.0,VIP,2.0,False,4
2025-05-21,19.0,PS,2.0,False,3
2025-05-21,20.0,Pro,2.0,False,1
2025-05-21,20.0,VIP,2.0,False,3
2025-05-21,20.0,PS,2.0,False,4
2025-05-21,21.0,Pro,2.0,False,4
2025-05-21,21.0,VIP,2.0,False,2
2025-05-21,21.0,PS,2.0,False,5
2025-05-21,22.0,Pro,2.0,False,3
2025-05-21,22.0,VIP,2.0,False,4
2025-05-21,22.0,PS,2.0,False,2
2025-05-21,23.0,Pro,2.0,False,2
2025-05-21,23.0,VIP,2.0,False,3
2025-05-21,23.0,PS,2.0,False,2
2025-05-22,8.0,Pro,3.0,False,0
2025-05-22,8.0,VIP,3.0,False,2
2025-05-22,8.0,PS,3.0,False,0
2025-05-22,9.0,Pro,3.0,False,0
2025-05-22,9.0,VIP,3.0,False,3
2025-05-22,9.0,PS,3.0,False,3
2025-05-22,10.0,Pro,3.0,False,1
2025-05-22,10.0,VIP,3.0,False,0
2025-05-22,10.0,PS,3.0,False,3
2025-05-22,11.0,Pro,3.0,False,2
2025-05-22,11.0,VIP,3.0,False,2
2025-05-22,11.0,PS,3.0,False,3
2025-05-22,12.0,Pro,3.0,False,0
2025-05-22,12.0,VIP,3.0,False,0
2025-05-22,12.0,PS,3.0,False,1
2025-05-22,13.0,Pro,3.0,False,0
2025-05-22,13.0,VIP,3.0,False,1
2025-05-22,13.0,PS,3.0,False,1
2025-05-22,14.0,Pro,3.0,False,1
2025-05-22,14.0,VIP,3.0,False,2
2025-05-22,14.0,PS,3.0,False,5
2025-05-22,15.0,Pro,3.0,False,3
2025-05-22,15.0,VIP,3.0,False,1
2025-05-22,15.0,PS,3.0,False,0
2025-05-22,16.0,Pro,3.0,False,2
2025-05-22,16.0,VIP,3.0,False,3
2025-05-22,16.0,PS,3.0,False,2
2025-05-22,17.0,Pro,3.0,False,0
2025-05-22,17.0,VIP,3.0,False,1
2025-05-22,17.0,PS,3.0,False,3
2025-05-22,18.0,Pro,3.0,False,3
2025-05-22,18.0,VIP,3.0,False,4
2025-05-22,18.0,PS,3.0,False,1
2025-05-22,19.0,Pro,3.0,False,3
2025-05-22,19.0,VIP,3.0,False,5
2025-05-22,19.0,PS,3.0,False,4
2025-05-22,20.0,Pro,3.0,False,3
2025-05-22,20.0,VIP,3.0,False,5
2025-05-22,20.0,PS,3.0,False,3
2025-05-22,21.0,Pro,3.0,False,2
2025-05-22,21.0,VIP,3.0,False,6
2025-05-22,21.0,PS,3.0,False,4
2025-05-22,22.0,Pro,3.0,False,4
2025-05-22,22.0,VIP,3.0,False,4
2025-05-22,22.0,PS,3.0,False,6
2025-05-22,23.0,Pro,3.0,False,3
2025-05-22,23.0,VIP,3.0,False,0
2025-05-22,23.0,PS,3.0,False,4
2025-05-23,8.0,Pro,4.0,False,2
2025-05-23,8.0,VIP,4.0,False,1
2025-05-23,8.0,PS,4.0,False,3
2025-05-23,9.0,Pro,4.0,False,0
2025-05-23,9.0,VIP,4.0,False,2
2025-05-23,9.0,PS,4.0,False,2
2025-05-23,10.0,Pro,4.0,False,2
2025-05-23,10.0,VIP,4.0,False,1
2025-05-23,10.0,PS,4.0,False,1
2025-05-23,11.0,Pro,4.0,False,2
2025-05-23,11.0,VIP,4.0,False,0
2025-05-23,11.0,PS,4.0,False,5
2025-05-23,12.0,Pro,4.0,False,1
2025-05-23,12.0,VIP,4.0,False,2
2025-05-23,12.0,PS,4.0,False,4
2025-05-23,13.0,Pro,4.0,False,1
2025-05-23,13.0,VIP,4.0,False,2
2025-05-23,13.0,PS,4.0,False,1
2025-05-23,14.0,Pro,4.0,False,0
2025-05-23,14.0,VIP,4.0,False,4
2025-05-23,14.0,PS,4.0,False,3
2025-05-23,15.0,Pro,4.0,False,1
2025-05-23,15.0,VIP,4.0,False,3
2025-05-23,15.0,PS,4.0,False,1
2025-05-23,16.0,Pro,4.0,False,0
2025-05-23,16.0,VIP,4.0,False,1
2025-05-23,16.0,PS,4.0,False,2
2025-05-23,17.0,Pro,4.0,False,1
2025-05-23,17.0,VIP,4.0,False,3
2025-05-23,17.0,PS,4.0,False,3
2025-05-23,18.0,Pro,4.0,False,4
2025-05-23,18.0,VIP,4.0,False,2
2025-05-23,18.0,PS,4.0,False,4
2025-05-23,19.0,Pro,4.0,False,4
2025-05-23,19.0,VIP,4.0,False,4
2025-05-23,19.0,PS,4.0,False,4
2025-05-23,20.0,Pro,4.0,False,5
2025-05-23,20.0,VIP,4.0,False,4
2025-05-23,20.0,PS,4.0,False,5
2025-05-23,21.0,Pro,4.0,False,2
2025-05-23,21.0,VIP,4.0,False,2
2025-05-23,21.0,PS,4.0,False,3
2025-05-23,22.0,Pro,4.0,False,4
2025-05-23,22.0,VIP,4.0,False,4
2025-05-23,22.0,PS,4.0,False,4
2025-05-23,23.0,Pro,4.0,False,2
2025-05-23,23.0,VIP,4.0,False,3
2025-05-23,23.0,PS,4.0,False,3
2025-05-24,8.0,Pro,5.0,True,2
2025-05-24,8.0,VIP,5.0,True,2
2025-05-24,8.0,PS,5.0,True,5
2025-05-24,9.0,Pro,5.0,True,3
2025-05-24,9.0,VIP,5.0,True,3
2025-05-24,9.0,PS,5.0,True,2
2025-05-24,10.0,Pro,5.0,True,2
2025-05-24,10.0,VIP,5.0,True,3
2025-05-24,10.0,PS,5.0,True,5
2025-05-24,11.0,Pro,5.0,True,4
2025-05-24,11.0,VIP,5.0,True,5
2025-05-24,11.0,PS,5.0,True,7
2025-05-24,12.0,Pro,5.0,True,3
2025-05-24,12.0,VIP,5.0,True,5
2025-05-24,12.0,PS,5.0,True,4
2025-05-24,13.0,Pro,5.0,True,3
2025-05-24,13.0,VIP,5.0,True,4
2025-05-24,13.0,PS,5.0,True,3
2025-05-24,14.0,Pro,5.0,True,2
2025-05-24,14.0,VIP,5.0,True,6
2025-05-24,14.0,PS,5.0,True,4
2025-05-24,15.0,Pro,5.0,True,1
2025-05-24,15.0,VIP,5.0,True,4
2025-05-24,15.0,PS,5.0,True,5
2025-05-24,16.0,Pro,5.0,True,3
2025-05-24,16.0,VIP,5.0,True,4
2025-05-24,16.0,PS,5.0,True,4
2025-05-24,17.0,Pro,5.0,True,2
2025-05-24,17.0,VIP,5.0,True,3
2025-05-24,17.0,PS,5.0,True,4
2025-05-24,18.0,Pro,5.0,True,6
2025-05-24,18.0,VIP,5.0,True,8
2025-05-24,18.0,PS,5.0,True,5
2025-05-24,19.0,Pro,5.0,True,3
2025-05-24,19.0,VIP,5.0,True,8
2025-05-24,19.0,PS,5.0,True,4
2025-05-24,20.0,Pro,5.0,True,6
2025-05-24,20.0,VIP,5.0,True,6
2025-05-24,20.0,PS,5.0,True,5
2025-05-24,21.0,Pro,5.0,True,5
2025-05-24,21.0,VIP,5.0,True,7
2025-05-24,21.0,PS,5.0,True,4
2025-05-24,22.0,Pro,5.0,True,5
2025-05-24,22.0,VIP,5.0,True,6
2025-05-24,22.0,PS,5.0,True,7
2025-05-24,23.0,Pro,5.0,True,5
2025-05-24,23.0,VIP,5.0,True,4
2025-05-24,23.0,PS,5.0,True,4
2025-05-25,8.0,Pro,6.0,True,4
2025-05-25,8.0,VIP,6.0,True,5
2025-05-25,8.0,PS,6.0,True,6
2025-05-25,9.0,Pro,6.0,True,3
2025-05-25,9.0,VIP,6.0,True,5
2025-05-25,9.0,PS,6.0,True,2
2025-05-25,10.0,Pro,6.0,True,5
2025-05-25,10.0,VIP,6.0,True,5
2025-05-25,10.0,PS,6.0,True,2
2025-05-25,11.0,Pro,6.0,True,3
2025-05-25,11.0,VIP,6.0,True,3
2025-05-25,11.0,PS,6.0,True,4
2025-05-25,12.0,Pro,6.0,True,3
2025-05-25,12.0,VIP,6.0,True,5
2025-05-25,12.0,PS,6.0,True,5
2025-05-25,13.0,Pro,6.0,True,1
2025-05-25,13.0,VIP,6.0,True,5
2025-05-25,13.0,PS,6.0,True,4
2025-05-25,14.0,Pro,6.0,True,3
2025-05-25,14.0,VIP,6.0,True,5
2025-05-25,14.0,PS,6.0,True,5
2025-05-25,15.0,Pro,6.0,True,3
2025-05-25,15.0,VIP,6.0,True,6
2025-05-25,15.0,PS,6.0,True,3
2025-05-25,16.0,Pro,6.0,True,4
2025-05-25,16.0,VIP,6.0,True,2
2025-05-25,16.0,PS,6.0,True,3
2025-05-25,17.0,Pro,6.0,True,2
2025-05-25,17.0,VIP,6.0,True,5
2025-05-25,17.0,PS,6.0,True,5
2025-05-25,18.0,Pro,6.0,True,4
2025-05-25,18.0,VIP,6.0,True,5
2025-05-25,18.0,PS,6.0,True,5
2025-05-25,19.0,Pro,6.0,True,6
2025-05-25,19.0,VIP,6.0,True,8
2025-05-25,19.0,PS,6.0,True,5
2025-05-25,20.0,Pro,6.0,True,6
2025-05-25,20.0,VIP,6.0,True,6
2025-05-25,20.0,PS,6.0,True,7
2025-05-25,21.0,Pro,6.0,True,4
2025-05-25,21.0,VIP,6.0,True,7
2025-05-25,21.0,PS,6.0,True,4
2025-05-25,22.0,Pro,6.0,True,5
2025-05-25,22.0,VIP,6.0,True,6
2025-05-25,22.0,PS,6.0,True,7
2025-05-25,23.0,Pro,6.0,True,3
2025-05-25,23.0,VIP,6.0,True,3
2025-05-25,23.0,PS,6.0,True,1
2025-05-26,8.0,Pro,0.0,False,0
2025-05-26,8.0,VIP,0.0,False,4
2025-05-26,8.0,PS,0.0,False,1
2025-05-26,9.0,Pro,0.0,False,0
2025-05-26,9.0,VIP,0.0,False,0
2025-05-26,9.0,PS,0.0,False,5
2025-05-26,10.0,Pro,0.0,False,0
2025-05-26,10.0,VIP,0.0,False,2
2025-05-26,10.0,PS,0.0,False,1
2025-05-26,11.0,Pro,0.0,False,1
2025-05-26,11.0,VIP,0.0,False,3
2025-05-26,11.0,PS,0.0,False,0
2025-05-26,12.0,Pro,0.0,False,1
2025-05-26,12.0,VIP,0.0,False,2
2025-05-26,12.0,PS,0.0,False,2
2025-05-26,13.0,Pro,0.0,False,0
2025-05-26,13.0,VIP,0.0,False,1
2025-05-26,13.0,PS,0.0,False,0
2025-05-26,14.0,Pro,0.0,False,0
2025-05-26,14.0,VIP,0.0,False,0
2025-05-26,14.0,PS,0.0,False,1
2025-05-26,15.0,Pro,0.0,False,0
2025-05-26,15.0,VIP,0.0,False,3
2025-05-26,15.0,PS,0.0,False,3
2025-05-26,16.0,Pro,0.0,False,2
2025-05-26,16.0,VIP,0.0,False,2
2025-05-26,16.0,PS,0.0,False,2
2025-05-26,17.0,Pro,0.0,False,0
2025-05-26,17.0,VIP,0.0,False,1
2025-05-26,17.0,PS,0.0,False,2
2025-05-26,18.0,Pro,0.0,False,2
2025-05-26,18.0,VIP,0.0,False,3
2025-05-26,18.0,PS,0.0,False,4
2025-05-26,19.0,Pro,0.0,False,4
2025-05-26,19.0,VIP,0.0,False,3
2025-05-26,19.0,PS,0.0,False,1
2025-05-26,20.0,Pro,0.0,False,3
2025-05-26,20.0,VIP,0.0,False,5
2025-05-26,20.0,PS,0.0,False,5
2025-05-26,21.0,Pro,0.0,False,1
2025-05-26,21.0,VIP,0.0,False,2
2025-05-26,21.0,PS,0.0,False,3
2025-05-26,22.0,Pro,0.0,False,1
2025-05-26,22.0,VIP,0.0,False,6
2025-05-26,22.0,PS,0.0,False,4
2025-05-26,23.0,Pro,0.0,False,2
2025-05-26,23.0,VIP,0.0,False,3
2025-05-26,23.0,PS,0.0,False,3
2025-05-27,8.0,Pro,1.0,False,2
2025-05-27,8.0,VIP,1.0,False,3
2025-05-27,8.0,PS,1.0,False,5
2025-05-27,9.0,Pro,1.0,False,2
2025-05-27,9.0,VIP,1.0,False,2
2025-05-27,9.0,PS,1.0,False,0
2025-05-27,10.0,Pro,1.0,False,0
2025-05-27,10.0,VIP,1.0,False,3
2025-05-27,10.0,PS,1.0,False,1
2025-05-27,11.0,Pro,1.0,False,2
2025-05-27,11.0,VIP,1.0,False,2
2025-05-27,11.0,PS,1.0,False,5
2025-05-27,12.0,Pro,1.0,False,0
2025-05-27,12.0,VIP,1.0,False,4
2025-05-27,12.0,PS,1.0,False,5
2025-05-27,13.0,Pro,1.0,False,0
2025-05-27,13.0,VIP,1.0,False,3
2025-05-27,13.0,PS,1.0,False,3
2025-05-27,14.0,Pro,1.0,False,2
2025-05-27,14.0,VIP,1.0,False,2
2025-05-27,14.0,PS,1.0,False,2
2025-05-27,15.0,Pro,1.0,False,0
2025-05-27,15.0,VIP,1.0,False,2
2025-05-27,15.0,PS,1.0,False,1
2025-05-27,16.0,Pro,1.0,False,0
2025-05-27,16.0,VIP,1.0,False,2
2025-05-27,16.0,PS,1.0,False,4
2025-05-27,17.0,Pro,1.0,False,1
2025-05-27,17.0,VIP,1.0,False,3
2025-05-27,17.0,PS,1.0,False,0
2025-05-27,18.0,Pro,1.0,False,4
2025-05-27,18.0,VIP,1.0,False,2
2025-05-27,18.0,PS,1.0,False,4
2025-05-27,19.0,Pro,1.0,False,2
2025-05-27,19.0,VIP,1.0,False,5
2025-05-27,19.0,PS,1.0,False,1
2025-05-27,20.0,Pro,1.0,False,5
2025-05-27,20.0,VIP,1.0,False,2
2025-05-27,20.0,PS,1.0,False,2
2025-05-27,21.0,Pro,1.0,False,3
2025-05-27,21.0,VIP,1.0,False,6
2025-05-27,21.0,PS,1.0,False,3
2025-05-27,22.0,Pro,1.0,False,3
2025-05-27,22.0,VIP,1.0,False,4
2025-05-27,22.0,PS,1.0,False,5
2025-05-27,23.0,Pro,1.0,False,1
2025-05-27,23.0,VIP,1.0,False,1
2025-05-27,23.0,PS,1.0,False,2
2025-05-28,8.0,Pro,2.0,False,2
2025-05-28,8.0,VIP,2.0,False,1
2025-05-28,8.0,PS,2.0,False,2
2025-05-28,9.0,Pro,2.0,False,0
2025-05-28,9.0,VIP,2.0,False,0
2025-05-28,9.0,PS,2.0,False,1
2025-05-28,10.0,Pro,2.0,False,0
2025-05-28,10.0,VIP,2.0,False,3
2025-05-28,10.0,PS,2.0,False,1
2025-05-28,11.0,Pro,2.0,False,3
2025-05-28,11.0,VIP,2.0,False,1
2025-05-28,11.0,PS,2.0,False,1
2025-05-28,12.0,Pro,2.0,False,3
2025-05-28,12.0,VIP,2.0,False,2
2025-05-28,12.0,PS,2.0,False,2
2025-05-28,13.0,Pro,2.0,False,3
2025-05-28,13.0,VIP,2.0,False,1
2025-05-28,13.0,PS,2.0,False,1
2025-05-28,14.0,Pro,2.0,False,2
2025-05-28,14.0,VIP,2.0,False,3
2025-05-28,14.0,PS,2.0,False,2
2025-05-28,15.0,Pro,2.0,False,1
2025-05-28,15.0,VIP,2.0,False,1
2025-05-28,15.0,PS,2.0,False,1
2025-05-28,16.0,Pro,2.0,False,2
2025-05-28,16.0,VIP,2.0,False,0
2025-05-28,16.0,PS,2.0,False,1
2025-05-28,17.0,Pro,2.0,False,2
2025-05-28,17.0,VIP,2.0,False,3
2025-05-28,17.0,PS,2.0,False,3
2025-05-28,18.0,Pro,2.0,False,4
2025-05-28,18.0,VIP,2.0,False,6
2025-05-28,18.0,PS,2.0,False,3
2025-05-28,19.0,Pro,2.0,False,4
2025-05-28,19.0,VIP,2.0,False,4
2025-05-28,19.0,PS,2.0,False,3
2025-05-28,20.0,Pro,2.0,False,3
2025-05-28,20.0,VIP,2.0,False,5
2025-05-28,20.0,PS,2.0,False,4
2025-05-28,21.0,Pro,2.0,False,1
2025-05-28,21.0,VIP,2.0,False,5
2025-05-28,21.0,PS,2.0,False,5
2025-05-28,22.0,Pro,2.0,False,5
2025-05-28,22.0,VIP,2.0,False,4
2025-05-28,22.0,PS,2.0,False,4
2025-05-28,23.0,Pro,2.0,False,0
2025-05-28,23.0,VIP,2.0,False,3
2025-05-28,23.0,PS,2.0,False,1
2025-05-29,8.0,Pro,3.0,False,3
2025-05-29,8.0,VIP,3.0,False,3
2025-05-29,8.0,PS,3.0,False,0
2025-05-29,9.0,Pro,3.0,False,1
2025-05-29,9.0,VIP,3.0,False,1
2025-05-29,9.0,PS,3.0,False,4
2025-05-29,10.0,Pro,3.0,False,1
2025-05-29,10.0,VIP,3.0,False,3
2025-05-29,10.0,PS,3.0,False,2
2025-05-29,11.0,Pro,3.0,False,0
2025-05-29,11.0,VIP,3.0,False,2
2025-05-29,11.0,PS,3.0,False,2
2025-05-29,12.0,Pro,3.0,False,0
2025-05-29,12.0,VIP,3.0,False,2
2025-05-29,12.0,PS,3.0,False,4
2025-05-29,13.0,Pro,3.0,False,0
2025-05-29,13.0,VIP,3.0,False,2
2025-05-29,13.0,PS,3.0,False,2
2025-05-29,14.0,Pro,3.0,False,0
2025-05-29,14.0,VIP,3.0,False,2
2025-05-29,14.0,PS,3.0,False,1
2025-05-29,15.0,Pro,3.0,False,2
2025-05-29,15.0,VIP,3.0,False,1
2025-05-29,15.0,PS,3.0,False,0
2025-05-29,16.0,Pro,3.0,False,0
2025-05-29,16.0,VIP,3.0,False,1
2025-05-29,16.0,PS,3.0,False,0
2025-05-29,17.0,Pro,3.0,False,0
2025-05-29,17.0,VIP,3.0,False,2
2025-05-29,17.0,PS,3.0,False,4
2025-05-29,18.0,Pro,3.0,False,4
2025-05-29,18.0,VIP,3.0,False,4
2025-05-29,18.0,PS,3.0,False,5
2025-05-29,19.0,Pro,3.0,False,2
2025-05-29,19.0,VIP,3.0,False,4
2025-05-29,19.0,PS,3.0,False,3
2025-05-29,20.0,Pro,3.0,False,4
2025-05-29,20.0,VIP,3.0,False,3
2025-05-29,20.0,PS,3.0,False,5
2025-05-29,21.0,Pro,3.0,False,5
2025-05-29,21.0,VIP,3.0,False,5
2025-05-29,21.0,PS,3.0,False,7
2025-05-29,22.0,Pro,3.0,False,2
2025-05-29,22.0,VIP,3.0,False,5
2025-05-29,22.0,PS,3.0,False,6
2025-05-29,23.0,Pro,3.0,False,1
2025-05-29,23.0,VIP,3.0,False,2
2025-05-29,23.0,PS,3.0,False,1
2025-05-30,8.0,Pro,4.0,False,2
2025-05-30,8.0,VIP,4.0,False,3
2025-05-30,8.0,PS,4.0,False,3
2025-05-30,9.0,Pro,4.0,False,2
2025-05-30,9.0,VIP,4.0,False,3
2025-05-30,9.0,PS,4.0,False,0
2025-05-30,10.0,Pro,4.0,False,0
2025-05-30,10.0,VIP,4.0,False,2
2025-05-30,10.0,PS,4.0,False,4
2025-05-30,11.0,Pro,4.0,False,0
2025-05-30,11.0,VIP,4.0,False,2
2025-05-30,11.0,PS,4.0,False,4
2025-05-30,12.0,Pro,4.0,False,3
2025-05-30,12.0,VIP,4.0,False,1
2025-05-30,12.0,PS,4.0,False,2
2025-05-30,13.0,Pro,4.0,False,0
2025-05-30,13.0,VIP,4.0,False,4
2025-05-30,13.0,PS,4.0,False,0
2025-05-30,14.0,Pro,4.0,False,2
2025-05-30,14.0,VIP,4.0,False,1
2025-05-30,14.0,PS,4.0,False,5
2025-05-30,15.0,Pro,4.0,False,0
2025-05-30,15.0,VIP,4.0,False,1
2025-05-30,15.0,PS,4.0,False,3
2025-05-30,16.0,Pro,4.0,False,0
2025-05-30,16.0,VIP,4.0,False,3
2025-05-30,16.0,PS,4.0,False,3
2025-05-30,17.0,Pro,4.0,False,3
2025-05-30,17.0,VIP,4.0,False,1
2025-05-30,17.0,PS,4.0,False,1
2025-05-30,18.0,Pro,4.0,False,4
2025-05-30,18.0,VIP,4.0,False,5
2025-05-30,18.0,PS,4.0,False,2
2025-05-30,19.0,Pro,4.0,False,3
2025-05-30,19.0,VIP,4.0,False,4
2025-05-30,19.0,PS,4.0,False,6
2025-05-30,20.0,Pro,4.0,False,4
2025-05-30,20.0,VIP,4.0,False,3
2025-05-30,20.0,PS,4.0,False,4
2025-05-30,21.0,Pro,4.0,False,4
2025-05-30,21.0,VIP,4.0,False,3
2025-05-30,21.0,PS,4.0,False,6
2025-05-30,22.0,Pro,4.0,False,3
2025-05-30,22.0,VIP,4.0,False,4
2025-05-30,22.0,PS,4.0,False,2
2025-05-30,23.0,Pro,4.0,False,0
2025-05-30,23.0,VIP,4.0,False,3
2025-05-30,23.0,PS,4.0,False,4
,11.0,Pro,3.0,False,1
,18.0,Pro,3.0,False,1
,19.0,Pro,0.0,False,1
,20.0,Pro,0.0,False,1
,18.0,Pro,1.0,False,1
,8.0,Pro,2.0,False,1
,8.0,Pro,5.0,True,1
,10.0,Pro,5.0,True,1
,15.0,Pro,3.0,False,1
,19.0,Pro,1.0,False,1
,8.0,Pro,5.0,True,1
,19.0,Pro,1.0,False,1
,0.0,Pro,0.0,False,0
,11.0,Pro,3.0,False,1
,22.0,Pro,1.0,False,1
,8.0,Pro,5.0,True,1
,20.0,Pro,5.0,True,1
,8.0,Pro,5.0,True,1
,8.0,Pro,5.0,True,1
,12.0,Pro,5.0,True,1
,12.0,Pro,5.0,True,1
,8.0,Pro,5.0,True,1
,8.0,Pro,5.0,True,1
,14.0,Pro,5.0,True,1
,8.0,Pro,5.0,True,1
,14.0,Pro,5.0,True,1
,0.0,Pro,0.0,False,0
,0.0,Pro,0.0,False,0
,21.0,VIP,2.0,False,1
,16.0,VIP,3.0,False,1
,20.0,VIP,0.0,False,1
,22.0,VIP,0.0,False,1
,17.0,VIP,1.0,False,1
,18.0,VIP,1.0,False,1
,8.0,VIP,4.0,False,1
,17.0,VIP,4.0,False,1
,8.0,VIP,5.0,True,1
,10.0,VIP,5.0,True,1
,8.0,VIP,6.0,True,1
,16.0,VIP,3.0,False,1
,20.0,VIP,0.0,False,1
,22.0,VIP,0.0,False,1
,17.0,VIP,1.0,False,1
,8.0,VIP,4.0,False,1
,17.0,VIP,4.0,False,1
,8.0,VIP,5.0,True,1
,10.0,VIP,5.0,True,1
,21.0,VIP,2.0,False,1
,18.0,VIP,0.0,False,1
,21.0,VIP,0.0,False,1
,17.0,VIP,1.0,False,1
,8.0,VIP,4.0,False,1
,17.0,VIP,4.0,False,1
,19.0,VIP,4.0,False,1
,8.0,VIP,5.0,True,1
,10.0,VIP,5.0,True,1
,10.0,VIP,3.0,False,1
,21.0,VIP,0.0,False,1
,18.0,VIP,1.0,False,1
,8.0,VIP,4.0,False,1
,17.0,VIP,4.0,False,1
,21.0,VIP,4.0,False,1
,21.0,VIP,5.0,True,1
,8.0,VIP,5.0,True,1
,10.0,VIP,3.0,False,1
,18.0,VIP,3.0,False,1
,22.0,VIP,1.0,False,1
,14.0,VIP,4.0,False,1
,8.0,VIP,5.0,True,1
,11.0,VIP,5.0,True,1
,18.0,VIP,0.0,False,1
,18.0,VIP,1.0,False,1
,14.0,VIP,4.0,False,1
,8.0,VIP,5.0,True,1
,8.0,VIP,6.0,True,1
,15.0,VIP,3.0,False,1
,18.0,VIP,1.0,False,1
,14.0,VIP,4.0,False,1
,8.0,VIP,5.0,True,1
,16.0,VIP,5.0,True,1
,15.0,VIP,3.0,False,1
,18.0,VIP,1.0,False,1
,14.0,VIP,4.0,False,1
,8.0,VIP,5.0,True,1
,10.0,VIP,5.0,True,1
,22.0,PS,1.0,False,1
,8.0,PS,5.0,True,1
,10.0,PS,5.0,True,1
,8.0,PS,5.0,True,1
,8.0,PS,5.0,True,1
,10.0,PS,5.0,True,1
,8.0,PS,5.0,True,1
,15.0,PS,5.0,True,1
